source,target,value,annum
MARKET,APPLE,143511206,02/16/2016
BODEGA,PEAR,21878533,02/26/2016
MARKET,KIWI,8165055,02/23/2016
CAFE,KIWI,25408360,02/23/2016
KIOSK,PEAR,5439516,02/01/2016
GROCER,ORANGE,662607,02/18/2016
MARKET,KIWI,8162677,02/22/2016
FARM,BANANA,59037,02/26/2016
GROCER,AVOCADO,123145,02/09/2016
FRUIT STAND,BANANA,593412,02/29/2016
GROCER,ORANGE,664846,02/29/2016
CAFETERIA,PEAR,160351773,02/06/2016
KIOSK,PEAR,5439516,02/06/2016
MARKET,PEAR,11113132,02/06/2016
GROCER,AVOCADO,123448,02/13/2016
GAS STATION,KIWI,99093,02/27/2016
CAFETERIA,KIWI,59185841,02/27/2016
MARKET,KIWI,8131545,02/04/2016
ONLINE,BANANA,1454417,02/10/2016
INSTITUTIONAL KITCHEN,BANANA,832915055,02/11/2016
LOCAL COOP,BANANA,1486222,02/11/2016
DISTRIBUTOR,BANANA,13561555,02/14/2016
MARKET,BANANA,172667605,02/14/2016
INSTITUTIONAL KITCHEN,BANANA,832915055,02/14/2016
LOCAL COOP,BANANA,1490868,02/14/2016
MARKET,PEAR,11145809,02/12/2016
GAS STATION,BANANA,7575,02/14/2016
FRUIT STAND,PEAR,5225271,02/15/2016
FOOD TRUCK,PEAR,8086996,02/16/2016
INSTITUTIONAL KITCHEN,PEAR,346353,02/16/2016
LOCAL COOP,KIWI,1493176,02/16/2016
CAFE,KIWI,25387589,02/16/2016
LOCAL COOP,BANANA,1493022,02/17/2016
GROCER,KIWI,6425488,02/15/2016
GAS STATION,PEAR,278894,02/18/2016
FARM,BANANA,59037,02/19/2016
FRUIT STAND,BANANA,592210,02/19/2016
KIOSK,TANGERINE,20062782,02/26/2016
BODEGA,PEAR,21878533,02/17/2016
FRUIT STAND,PEAR,5228793,02/17/2016
MARKET,APPLE,143066781,02/11/2016
BODEGA,BANANA,80039570,02/23/2016
FARM,BANANA,59037,02/09/2016
FRUIT STAND,BANANA,590861,02/09/2016
FOOD TRUCK,BANANA,987169,02/09/2016
BODEGA,PEAR,21878533,02/14/2016
FRUIT STAND,PEAR,5225271,02/14/2016
MARKET,PEAR,11154331,02/14/2016
FOOD TRUCK,PEAR,8100927,02/25/2016
KIOSK,PEAR,5439516,02/25/2016
FOOD TRUCK,BANANA,991923,02/26/2016
KIOSK,PEAR,5439516,02/02/2016
MARKET,PEAR,11085090,02/02/2016
ONLINE,PEAR,12016776,02/10/2016
CAFETERIA,TANGERINE,512599462,02/10/2016
MARKET,TANGERINE,893201750,02/10/2016
CAFETERIA,TANGERINE,514197841,02/15/2016
GROCER,TANGERINE,68259,02/15/2016
KIOSK,TANGERINE,20062782,02/18/2016
MARKET,BANANA,174158278,02/27/2016
KIOSK,BANANA,34674145,02/27/2016
GAS STATION,BANANA,7628,02/27/2016
KIOSK,PEAR,5439516,02/05/2016
MARKET,PEAR,11106101,02/05/2016
GROCER,ORANGE,660136,02/08/2016
FARM,KIWI,43408,02/08/2016
FRUIT STAND,KIWI,532932,02/08/2016
GAS STATION,AVOCADO,148285,02/12/2016
DISTRIBUTOR,TANGERINE,585598542,02/01/2016
GAS STATION,BANANA,7551,02/09/2016
BODEGA,PEAR,21878533,02/11/2016
MARKET,PEAR,11138849,02/11/2016
CAFETERIA,APPLE,149961424,02/23/2016
ONLINE,BANANA,1453834,02/08/2016
FOOD TRUCK,BANANA,986847,02/08/2016
MARKET,APPLE,142293677,02/03/2016
GROCER,ORANGE,661358,02/12/2016
BODEGA,KIWI,24068148,02/01/2016
MARKET,KIWI,8124768,02/01/2016
DISTRIBUTOR,BANANA,13485669,02/02/2016
INSTITUTIONAL KITCHEN,PEAR,346353,02/03/2016
KIOSK,PEAR,5439516,02/03/2016
ONLINE,PEAR,12002572,02/03/2016
ONLINE,PEAR,12005050,02/04/2016
DISTRIBUTOR,BANANA,13570126,02/16/2016
CAFETERIA,BANANA,281878177,02/16/2016
FRUIT STAND,BANANA,591748,02/16/2016
INSTITUTIONAL KITCHEN,KIWI,500713,02/06/2016
KIOSK,KIWI,2014764,02/14/2016
GAS STATION,BANANA,7578,02/16/2016
FOOD TRUCK,KIWI,910252,02/29/2016
ONLINE,KIWI,1262099,02/29/2016
FRUIT STAND,KIWI,535180,02/29/2016
FRUIT STAND,KIWI,532736,02/05/2016
CAFETERIA,APPLE,149159834,02/17/2016
LOCAL COOP,KIWI,1493469,02/17/2016
GROCER,KIWI,6429662,02/17/2016
CAFETERIA,APPLE,147630630,02/05/2016
LOCAL COOP,KIWI,1491872,02/10/2016
CAFETERIA,BANANA,280277418,02/03/2016
FRUIT STAND,BANANA,590104,02/03/2016
GROCER,KIWI,6431549,02/18/2016
ONLINE,PEAR,12042230,02/22/2016
GROCER,ORANGE,664823,02/27/2016
FOOD TRUCK,KIWI,905482,02/02/2016
KIOSK,KIWI,2014764,02/02/2016
CAFETERIA,APPLE,149546091,02/19/2016
GROCER,ORANGE,660118,02/07/2016
CAFETERIA,APPLE,147445480,02/04/2016
ONLINE,KIWI,1261517,02/25/2016
KIOSK,TANGERINE,20062782,02/27/2016
BODEGA,BANANA,80176056,02/28/2016
LOCAL COOP,BANANA,1507997,02/28/2016
FARM,KIWI,43408,02/03/2016
CAFETERIA,APPLE,150892907,02/28/2016
MARKET,APPLE,142671930,02/07/2016
BODEGA,PEAR,21878533,02/28/2016
INSTITUTIONAL KITCHEN,PEAR,346353,02/28/2016
GAS STATION,PEAR,279358,02/28/2016
ONLINE,KIWI,1257701,02/03/2016
FRUIT STAND,KIWI,532452,02/03/2016
MARKET,KIWI,8129247,02/03/2016
FOOD TRUCK,KIWI,909380,02/24/2016
FRUIT STAND,KIWI,534666,02/24/2016
FARM,BANANA,59037,02/04/2016
KIOSK,TANGERINE,20062782,02/06/2016
FRUIT STAND,BANANA,590552,02/07/2016
CAFE,KIWI,25346492,02/09/2016
GROCER,KIWI,6416007,02/09/2016
GROCER,AVOCADO,123646,02/18/2016
MARKET,BANANA,171770667,02/06/2016
BODEGA,BANANA,79645203,02/06/2016
MARKET,PEAR,11117462,02/08/2016
GROCER,TANGERINE,67215,02/08/2016
DISTRIBUTOR,TANGERINE,589515196,02/22/2016
CAFETERIA,TANGERINE,516596128,02/22/2016
GAS STATION,KIWI,99103,02/28/2016
CAFETERIA,KIWI,59077079,02/20/2016
MARKET,KIWI,8161136,02/20/2016
MARKET,KIWI,8158914,02/19/2016
FARM,BANANA,59037,02/24/2016
ONLINE,BANANA,1457664,02/24/2016
FRUIT STAND,BANANA,592823,02/24/2016
MARKET,APPLE,144602603,02/27/2016
KIOSK,TANGERINE,20062782,02/02/2016
CAFETERIA,APPLE,147970940,02/08/2016
CAFETERIA,PEAR,162650530,02/29/2016
FRUIT STAND,PEAR,5241425,02/29/2016
GROCER,TANGERINE,68259,02/12/2016
CAFETERIA,TANGERINE,516051224,02/20/2016
MARKET,TANGERINE,895477593,02/20/2016
FARM,KIWI,43408,02/13/2016
GAS STATION,BANANA,7606,02/22/2016
CAFETERIA,TANGERINE,514197841,02/14/2016
GROCER,ORANGE,662103,02/16/2016
GROCER,TANGERINE,68259,02/16/2016
GROCER,AVOCADO,123763,02/22/2016
ONLINE,KIWI,1260863,02/23/2016
CAFETERIA,APPLE,148026310,02/09/2016
CAFETERIA,BANANA,282394907,02/20/2016
MARKET,BANANA,173359829,02/20/2016
DISTRIBUTOR,BANANA,13600915,02/20/2016
ONLINE,BANANA,1456911,02/20/2016
FOOD TRUCK,KIWI,908940,02/22/2016
KIOSK,KIWI,2014764,02/22/2016
CAFETERIA,BANANA,282961442,02/26/2016
BODEGA,BANANA,80140565,02/26/2016
MARKET,BANANA,174352450,02/29/2016
FOOD TRUCK,BANANA,992541,02/29/2016
INSTITUTIONAL KITCHEN,PEAR,346353,02/06/2016
CAFETERIA,APPLE,148771968,02/13/2016
FOOD TRUCK,KIWI,910064,02/27/2016
FARM,KIWI,43408,02/27/2016
GAS STATION,KIWI,98251,02/04/2016
LOCAL COOP,BANANA,1484784,02/10/2016
CAFETERIA,BANANA,281174172,02/11/2016
GAS STATION,PEAR,278678,02/13/2016
MARKET,APPLE,143346903,02/14/2016
FRUIT STAND,BANANA,591457,02/14/2016
GROCER,AVOCADO,123034,02/06/2016
KIOSK,PEAR,5439516,02/12/2016
ONLINE,PEAR,12023859,02/12/2016
FRUIT STAND,PEAR,5223953,02/12/2016
KIOSK,PEAR,5439516,02/15/2016
ONLINE,PEAR,12027102,02/15/2016
MARKET,PEAR,11156124,02/15/2016
GAS STATION,PEAR,278680,02/15/2016
KIOSK,PEAR,5439516,02/16/2016
GAS STATION,PEAR,278766,02/16/2016
DISTRIBUTOR,KIWI,7574498,02/16/2016
GROCER,KIWI,6427521,02/16/2016
CAFETERIA,BANANA,280545985,02/05/2016
MARKET,BANANA,171650864,02/05/2016
INSTITUTIONAL KITCHEN,BANANA,832915055,02/17/2016
BODEGA,BANANA,79964334,02/19/2016
GAS STATION,BANANA,7602,02/19/2016
FOOD TRUCK,PEAR,8098953,02/24/2016
CAFETERIA,TANGERINE,517920976,02/26/2016
BODEGA,TANGERINE,503349175,02/26/2016
GROCER,TANGERINE,68259,02/26/2016
GROCER,AVOCADO,123592,02/17/2016
CAFETERIA,APPLE,149354733,02/18/2016
LOCAL COOP,BANANA,1499919,02/23/2016
KIOSK,BANANA,34674141,02/09/2016
GAS STATION,BANANA,7609,02/23/2016
ONLINE,PEAR,12027102,02/14/2016
LOCAL COOP,PEAR,3732648,02/14/2016
ONLINE,PEAR,12051146,02/25/2016
MARKET,PEAR,11215985,02/25/2016
MARKET,APPLE,144494796,02/26/2016
INSTITUTIONAL KITCHEN,BANANA,832915055,02/26/2016
GROCER,KIWI,6447343,02/27/2016
CAFETERIA,PEAR,159811563,02/02/2016
LOCAL COOP,PEAR,3675723,02/02/2016
INSTITUTIONAL KITCHEN,PEAR,346353,02/10/2016
DISTRIBUTOR,TANGERINE,588217994,02/15/2016
DISTRIBUTOR,TANGERINE,588887077,02/18/2016
LOCAL COOP,PEAR,3785165,02/27/2016
DISTRIBUTOR,BANANA,13642357,02/27/2016
CAFETERIA,BANANA,283014183,02/27/2016
FOOD TRUCK,PEAR,8074707,02/05/2016
KIOSK,KIWI,2014764,02/08/2016
BODEGA,KIWI,24145057,02/12/2016
FRUIT STAND,KIWI,533476,02/12/2016
BODEGA,TANGERINE,503348116,02/01/2016
FOOD TRUCK,PEAR,8081864,02/11/2016
GAS STATION,PEAR,279095,02/23/2016
MARKET,APPLE,142079046,02/01/2016
ONLINE,BANANA,1452501,02/02/2016
FOOD TRUCK,BANANA,985363,02/02/2016
FOOD TRUCK,PEAR,8071579,02/03/2016
FOOD TRUCK,PEAR,8073115,02/04/2016
BODEGA,PEAR,21878533,02/04/2016
INSTITUTIONAL KITCHEN,BANANA,832915055,02/16/2016
DISTRIBUTOR,KIWI,7571785,02/14/2016
GAS STATION,BANANA,7573,02/12/2016
CAFETERIA,KIWI,59192474,02/29/2016
CAFETERIA,KIWI,58851152,02/05/2016
BODEGA,KIWI,24101685,02/05/2016
GROCER,KIWI,6410861,02/05/2016
FOOD TRUCK,KIWI,906346,02/07/2016
CAFE,KIWI,25337048,02/07/2016
MARKET,APPLE,142953580,02/10/2016
MARKET,BANANA,172762339,02/15/2016
BODEGA,BANANA,79829207,02/15/2016
GROCER,BANANA,17862991,02/15/2016
FARM,KIWI,43408,02/17/2016
ONLINE,KIWI,1260105,02/17/2016
MARKET,TANGERINE,897217577,02/28/2016
DISTRIBUTOR,KIWI,7563655,02/10/2016
KIOSK,BANANA,34674141,02/03/2016
DISTRIBUTOR,BANANA,13585747,02/18/2016
ONLINE,BANANA,1456378,02/18/2016
FRUIT STAND,BANANA,592021,02/18/2016
LOCAL COOP,BANANA,1494522,02/18/2016
CAFE,KIWI,25394699,02/18/2016
GROCER,AVOCADO,124102,02/29/2016
INSTITUTIONAL KITCHEN,BANANA,832915055,02/01/2016
GAS STATION,BANANA,7511,02/01/2016
FARM,KIWI,43408,02/02/2016
MARKET,APPLE,144060192,02/22/2016
GAS STATION,KIWI,98992,02/25/2016
CAFE,KIWI,25414056,02/25/2016
DISTRIBUTOR,BANANA,13643992,02/28/2016
CAFETERIA,BANANA,283212801,02/28/2016
GROCER,BANANA,17992018,02/28/2016
GAS STATION,BANANA,7628,02/28/2016
FOOD TRUCK,KIWI,905720,02/03/2016
KIOSK,KIWI,2014764,02/03/2016
FOOD TRUCK,PEAR,8076277,02/07/2016
ONLINE,PEAR,12011199,02/07/2016
CAFETERIA,PEAR,162640977,02/28/2016
FOOD TRUCK,PEAR,8103487,02/28/2016
LOCAL COOP,PEAR,3789767,02/28/2016
FARM,KIWI,43408,02/24/2016
DISTRIBUTOR,BANANA,13502331,02/04/2016
ONLINE,BANANA,1453106,02/04/2016
GAS STATION,AVOCADO,147699,02/04/2016
BODEGA,TANGERINE,503348404,02/06/2016
GROCER,BANANA,17791933,02/07/2016
LOCAL COOP,BANANA,1482471,02/07/2016
GAS STATION,BANANA,7544,02/07/2016
GAS STATION,AVOCADO,149324,02/28/2016
FRUIT STAND,PEAR,5233708,02/20/2016
GAS STATION,PEAR,279009,02/20/2016
INSTITUTIONAL KITCHEN,KIWI,500713,02/09/2016
DISTRIBUTOR,BANANA,13518206,02/06/2016
GROCER,BANANA,17787546,02/06/2016
CAFETERIA,PEAR,160489880,02/08/2016
INSTITUTIONAL KITCHEN,PEAR,346353,02/08/2016
LOCAL COOP,PEAR,3704793,02/08/2016
GAS STATION,PEAR,278278,02/08/2016
CAFE,KIWI,25419900,02/28/2016
FARM,KIWI,43408,02/19/2016
GROCER,BANANA,17954543,02/24/2016
FOOD TRUCK,BANANA,991202,02/24/2016
CAFETERIA,TANGERINE,511919995,02/07/2016
MARKET,TANGERINE,892572789,02/07/2016
MARKET,TANGERINE,897376378,02/29/2016
BODEGA,PEAR,21878533,02/09/2016
KIOSK,PEAR,5439516,02/09/2016
CAFETERIA,TANGERINE,510320451,02/03/2016
DISTRIBUTOR,TANGERINE,587811084,02/12/2016
MARKET,TANGERINE,893692119,02/12/2016
BODEGA,TANGERINE,503348631,02/12/2016
INSTITUTIONAL KITCHEN,KIWI,500713,02/13/2016
MARKET,KIWI,8148728,02/13/2016
DISTRIBUTOR,TANGERINE,588024254,02/13/2016
MARKET,TANGERINE,893933150,02/13/2016
BODEGA,TANGERINE,503348673,02/13/2016
BODEGA,BANANA,80108255,02/25/2016
KIOSK,BANANA,34674145,02/25/2016
GAS STATION,BANANA,7617,02/25/2016
KIOSK,TANGERINE,20062782,02/16/2016
FARM,KIWI,43408,02/23/2016
GROCER,KIWI,6438985,02/23/2016
GAS STATION,KIWI,98876,02/23/2016
LOCAL COOP,BANANA,1497838,02/20/2016
FARM,KIWI,43408,02/22/2016
BODEGA,KIWI,24196463,02/22/2016
FRUIT STAND,KIWI,534382,02/22/2016
GAS STATION,AVOCADO,147968,02/09/2016
CAFETERIA,BANANA,283212911,02/29/2016
MARKET,APPLE,144722975,02/29/2016
FRUIT STAND,PEAR,5216737,02/06/2016
GAS STATION,AVOCADO,148327,02/13/2016
FARM,BANANA,59037,02/17/2016
GROCER,BANANA,17887017,02/17/2016
FRUIT STAND,BANANA,591914,02/17/2016
CAFETERIA,BANANA,280978099,02/10/2016
GAS STATION,BANANA,7559,02/10/2016
FRUIT STAND,BANANA,591177,02/11/2016
FOOD TRUCK,PEAR,8084826,02/13/2016
BODEGA,PEAR,21878533,02/13/2016
LOCAL COOP,PEAR,3728046,02/13/2016
FARM,BANANA,59037,02/14/2016
ONLINE,BANANA,1455386,02/14/2016
GAS STATION,AVOCADO,147347,02/01/2016
FOOD TRUCK,PEAR,8085551,02/15/2016
INSTITUTIONAL KITCHEN,PEAR,346353,02/15/2016
FRUIT STAND,PEAR,5226959,02/16/2016
GAS STATION,AVOCADO,148413,02/16/2016
BODEGA,KIWI,24162628,02/16/2016
INSTITUTIONAL KITCHEN,KIWI,500713,02/16/2016
KIOSK,BANANA,34674141,02/05/2016
FOOD TRUCK,BANANA,989342,02/17/2016
CAFETERIA,KIWI,58981206,02/15/2016
FOOD TRUCK,KIWI,907736,02/15/2016
FARM,KIWI,43408,02/15/2016
INSTITUTIONAL KITCHEN,KIWI,500713,02/15/2016
CAFETERIA,PEAR,161489668,02/18/2016
INSTITUTIONAL KITCHEN,BANANA,832915055,02/19/2016
LOCAL COOP,BANANA,1496187,02/19/2016
CAFETERIA,PEAR,162085571,02/24/2016
FRUIT STAND,PEAR,5236562,02/24/2016
GAS STATION,PEAR,279150,02/24/2016
DISTRIBUTOR,TANGERINE,590423229,02/26/2016
MARKET,TANGERINE,896774601,02/26/2016
CAFETERIA,PEAR,161354800,02/17/2016
FOOD TRUCK,PEAR,8088731,02/17/2016
INSTITUTIONAL KITCHEN,PEAR,346353,02/17/2016
ONLINE,PEAR,12033078,02/17/2016
DISTRIBUTOR,BANANA,13529026,02/09/2016
GAS STATION,BANANA,7621,02/26/2016
LOCAL COOP,PEAR,3712042,02/10/2016
GROCER,AVOCADO,123194,02/10/2016
BODEGA,TANGERINE,503348838,02/18/2016
GROCER,TANGERINE,68259,02/18/2016
CAFETERIA,PEAR,162504364,02/27/2016
INSTITUTIONAL KITCHEN,PEAR,346353,02/27/2016
ONLINE,PEAR,12056808,02/27/2016
GROCER,AVOCADO,124094,02/27/2016
CAFETERIA,PEAR,160218419,02/05/2016
CAFETERIA,KIWI,58877385,02/08/2016
MARKET,KIWI,8137467,02/08/2016
CAFE,KIWI,25346363,02/08/2016
GROCER,ORANGE,660523,02/09/2016
FARM,KIWI,43408,02/12/2016
ONLINE,KIWI,1259335,02/12/2016
GROCER,AVOCADO,123382,02/12/2016
INSTITUTIONAL KITCHEN,PEAR,346353,02/11/2016
FRUIT STAND,PEAR,5222153,02/11/2016
MARKET,BANANA,171962529,02/08/2016
ONLINE,PEAR,12045033,02/23/2016
GROCER,KIWI,6402654,02/01/2016
GROCER,BANANA,17737754,02/02/2016
FRUIT STAND,BANANA,589944,02/02/2016
KIOSK,BANANA,34674141,02/02/2016
MARKET,PEAR,11092185,02/03/2016
GAS STATION,PEAR,278151,02/04/2016
MARKET,BANANA,172878167,02/16/2016
MARKET,KIWI,8136031,02/06/2016
DISTRIBUTOR,BANANA,13553193,02/12/2016
GROCER,BANANA,17844077,02/12/2016
DISTRIBUTOR,KIWI,7599304,02/29/2016
FARM,KIWI,43408,02/29/2016
MARKET,KIWI,8175518,02/29/2016
GROCER,KIWI,6448509,02/29/2016
GROCER,ORANGE,659013,02/02/2016
INSTITUTIONAL KITCHEN,KIWI,500713,02/05/2016
CAFETERIA,APPLE,148230845,02/10/2016
DISTRIBUTOR,BANANA,13562445,02/15/2016
GAS STATION,AVOCADO,148819,02/20/2016
DISTRIBUTOR,TANGERINE,586267172,02/04/2016
KIOSK,TANGERINE,20062782,02/04/2016
INSTITUTIONAL KITCHEN,KIWI,500713,02/17/2016
GROCER,TANGERINE,68259,02/28/2016
GROCER,AVOCADO,122890,02/03/2016
MARKET,APPLE,142503284,02/05/2016
BODEGA,KIWI,24129089,02/10/2016
ONLINE,KIWI,1258869,02/10/2016
GROCER,BANANA,17750618,02/03/2016
ONLINE,BANANA,1452830,02/03/2016
INSTITUTIONAL KITCHEN,BANANA,832915055,02/03/2016
GAS STATION,AVOCADO,149262,02/26/2016
GROCER,ORANGE,661673,02/13/2016
BODEGA,BANANA,79931081,02/18/2016
FOOD TRUCK,BANANA,989667,02/18/2016
INSTITUTIONAL KITCHEN,BANANA,832915055,02/18/2016
GAS STATION,KIWI,98746,02/18/2016
FRUIT STAND,KIWI,533908,02/18/2016
INSTITUTIONAL KITCHEN,PEAR,346353,02/22/2016
LOCAL COOP,PEAR,3761227,02/22/2016
MARKET,PEAR,11194613,02/22/2016
CAFETERIA,BANANA,280099515,02/01/2016
FRUIT STAND,BANANA,589770,02/01/2016
KIOSK,BANANA,34674141,02/01/2016
BODEGA,KIWI,24077123,02/02/2016
BODEGA,KIWI,24221008,02/25/2016
INSTITUTIONAL KITCHEN,KIWI,500713,02/25/2016
KIOSK,KIWI,2014764,02/25/2016
FRUIT STAND,KIWI,534864,02/25/2016
GROCER,KIWI,6443130,02/25/2016
DISTRIBUTOR,TANGERINE,590651576,02/27/2016
GROCER,TANGERINE,68259,02/27/2016
KIOSK,BANANA,34674145,02/28/2016
CAFETERIA,KIWI,58811286,02/03/2016
BODEGA,KIWI,24085247,02/03/2016
BODEGA,PEAR,21878533,02/07/2016
INSTITUTIONAL KITCHEN,PEAR,346353,02/07/2016
KIOSK,PEAR,5439516,02/07/2016
GROCER,AVOCADO,123038,02/07/2016
MARKET,PEAR,11231460,02/28/2016
CAFETERIA,KIWI,59125001,02/24/2016
MARKET,KIWI,8166901,02/24/2016
CAFETERIA,BANANA,280414454,02/04/2016
MARKET,BANANA,171867550,02/07/2016
FOOD TRUCK,PEAR,8094753,02/20/2016
LOCAL COOP,PEAR,3756083,02/20/2016
MARKET,PEAR,11190747,02/20/2016
LOCAL COOP,KIWI,1491633,02/09/2016
KIOSK,TANGERINE,20062782,02/24/2016
ONLINE,BANANA,1453648,02/06/2016
FOOD TRUCK,BANANA,986598,02/06/2016
FARM,KIWI,43408,02/28/2016
INSTITUTIONAL KITCHEN,KIWI,500713,02/28/2016
ONLINE,KIWI,1260719,02/20/2016
KIOSK,BANANA,34674145,02/24/2016
CAFETERIA,TANGERINE,509894626,02/02/2016
MARKET,TANGERINE,891419320,02/02/2016
BODEGA,TANGERINE,503348411,02/07/2016
DISTRIBUTOR,TANGERINE,588659216,02/17/2016
BODEGA,TANGERINE,503349016,02/23/2016
GROCER,TANGERINE,68259,02/23/2016
KIOSK,TANGERINE,20062782,02/29/2016
GROCER,TANGERINE,68259,02/29/2016
INSTITUTIONAL KITCHEN,PEAR,346353,02/29/2016
KIOSK,PEAR,5439516,02/29/2016
ONLINE,PEAR,12057026,02/29/2016
FOOD TRUCK,PEAR,8078428,02/09/2016
ONLINE,PEAR,12014225,02/09/2016
LOCAL COOP,BANANA,1499671,02/22/2016
GROCER,ORANGE,661681,02/15/2016
FARM,BANANA,59037,02/25/2016
ONLINE,BANANA,1457984,02/25/2016
BODEGA,TANGERINE,503348683,02/14/2016
CAFETERIA,APPLE,148988046,02/16/2016
BODEGA,TANGERINE,503348736,02/16/2016
CAFETERIA,APPLE,150161524,02/24/2016
FOOD TRUCK,KIWI,909138,02/23/2016
CAFETERIA,PEAR,159762493,02/01/2016
MARKET,PEAR,11077409,02/01/2016
GAS STATION,PEAR,277878,02/01/2016
KIOSK,BANANA,34674145,02/20/2016
FARM,BANANA,59037,02/20/2016
CAFETERIA,KIWI,59086227,02/22/2016
INSTITUTIONAL KITCHEN,KIWI,500713,02/22/2016
ONLINE,BANANA,1458260,02/26/2016
CAFETERIA,KIWI,59167372,02/26/2016
FOOD TRUCK,KIWI,909842,02/26/2016
INSTITUTIONAL KITCHEN,KIWI,500713,02/26/2016
FRUIT STAND,KIWI,534992,02/26/2016
MARKET,KIWI,8171844,02/26/2016
FARM,BANANA,59037,02/29/2016
GROCER,BANANA,17995103,02/29/2016
ONLINE,BANANA,1458711,02/29/2016
FOOD TRUCK,PEAR,8075911,02/06/2016
LOCAL COOP,PEAR,3699745,02/06/2016
BODEGA,KIWI,24236036,02/27/2016
KIOSK,KIWI,2014764,02/27/2016
ONLINE,KIWI,1261971,02/27/2016
FRUIT STAND,KIWI,535118,02/27/2016
LOCAL COOP,KIWI,1495910,02/27/2016
CAFE,KIWI,25421518,02/27/2016
MARKET,BANANA,172998325,02/17/2016
KIOSK,KIWI,2014764,02/04/2016
LOCAL COOP,KIWI,1490661,02/04/2016
FRUIT STAND,BANANA,591014,02/10/2016
KIOSK,BANANA,34674141,02/10/2016
DISTRIBUTOR,BANANA,13544918,02/11/2016
ONLINE,BANANA,1454742,02/11/2016
GAS STATION,BANANA,7569,02/11/2016
BODEGA,BANANA,79826045,02/14/2016
GROCER,BANANA,17860004,02/14/2016
BODEGA,PEAR,21878533,02/15/2016
CAFETERIA,PEAR,161233330,02/16/2016
BODEGA,PEAR,21878533,02/16/2016
DISTRIBUTOR,BANANA,13510454,02/05/2016
GAS STATION,BANANA,7537,02/05/2016
GAS STATION,PEAR,278622,02/12/2016
KIOSK,BANANA,34674145,02/17/2016
GAS STATION,BANANA,7584,02/17/2016
DISTRIBUTOR,KIWI,7572224,02/15/2016
BODEGA,KIWI,24154810,02/15/2016
LOCAL COOP,KIWI,1493076,02/15/2016
INSTITUTIONAL KITCHEN,PEAR,346353,02/18/2016
MARKET,PEAR,11176937,02/18/2016
ONLINE,BANANA,1456655,02/19/2016
FOOD TRUCK,BANANA,989955,02/19/2016
INSTITUTIONAL KITCHEN,PEAR,346353,02/24/2016
LOCAL COOP,PEAR,3768307,02/24/2016
KIOSK,PEAR,5439516,02/17/2016
DISTRIBUTOR,BANANA,13611391,02/23/2016
MARKET,BANANA,173665745,02/23/2016
FRUIT STAND,BANANA,592649,02/23/2016
FOOD TRUCK,BANANA,990833,02/23/2016
GROCER,BANANA,17807485,02/09/2016
ONLINE,BANANA,1454109,02/09/2016
GAS STATION,PEAR,278679,02/14/2016
CAFETERIA,PEAR,162230038,02/25/2016
BODEGA,PEAR,21878533,02/25/2016
GAS STATION,PEAR,279218,02/25/2016
CAFETERIA,APPLE,150553574,02/26/2016
FRUIT STAND,BANANA,593159,02/26/2016
FRUIT STAND,PEAR,5210596,02/02/2016
GAS STATION,AVOCADO,148074,02/10/2016
BODEGA,TANGERINE,503348528,02/10/2016
KIOSK,TANGERINE,20062782,02/10/2016
FRUIT STAND,PEAR,5241425,02/27/2016
FRUIT STAND,BANANA,593229,02/27/2016
FOOD TRUCK,BANANA,992292,02/27/2016
ONLINE,KIWI,1258489,02/08/2016
GAS STATION,KIWI,98552,02/12/2016
KIOSK,KIWI,2014764,02/12/2016
LOCAL COOP,KIWI,1492412,02/12/2016
DISTRIBUTOR,TANGERINE,587123840,02/09/2016
MARKET,TANGERINE,892948208,02/09/2016
GROCER,TANGERINE,67215,02/09/2016
LOCAL COOP,PEAR,3717925,02/11/2016
GAS STATION,PEAR,278528,02/11/2016
GAS STATION,BANANA,7544,02/08/2016
CAFETERIA,PEAR,161941672,02/23/2016
INSTITUTIONAL KITCHEN,PEAR,346353,02/23/2016
CAFETERIA,APPLE,147258042,02/03/2016
GROCER,AVOCADO,123048,02/08/2016
GAS STATION,KIWI,98091,02/01/2016
DISTRIBUTOR,KIWI,7545246,02/01/2016
ONLINE,KIWI,1257301,02/01/2016
LOCAL COOP,KIWI,1489934,02/01/2016
BODEGA,BANANA,79509264,02/02/2016
INSTITUTIONAL KITCHEN,BANANA,832915055,02/02/2016
GAS STATION,BANANA,7518,02/02/2016
GROCER,ORANGE,660807,02/10/2016
CAFETERIA,KIWI,58868678,02/06/2016
FOOD TRUCK,KIWI,906248,02/06/2016
LOCAL COOP,KIWI,1491173,02/06/2016
GAS STATION,KIWI,98592,02/14/2016
INSTITUTIONAL KITCHEN,KIWI,500713,02/14/2016
LOCAL COOP,KIWI,1492964,02/14/2016
DISTRIBUTOR,TANGERINE,586495982,02/05/2016
CAFETERIA,BANANA,281361002,02/12/2016
FARM,BANANA,59037,02/12/2016
FRUIT STAND,BANANA,591313,02/12/2016
FOOD TRUCK,BANANA,988081,02/12/2016
KIOSK,KIWI,2014764,02/29/2016
LOCAL COOP,KIWI,1496331,02/29/2016
MARKET,APPLE,142184672,02/02/2016
DISTRIBUTOR,KIWI,7555140,02/05/2016
FARM,KIWI,43408,02/05/2016
GAS STATION,KIWI,98336,02/07/2016
DISTRIBUTOR,KIWI,7558195,02/07/2016
FARM,KIWI,43408,02/07/2016
INSTITUTIONAL KITCHEN,KIWI,500713,02/07/2016
FARM,BANANA,59037,02/15/2016
FRUIT STAND,BANANA,591589,02/15/2016
GROCER,AVOCADO,122855,02/02/2016
KIOSK,KIWI,2014764,02/17/2016
FRUIT STAND,KIWI,533908,02/17/2016
DISTRIBUTOR,TANGERINE,590776888,02/28/2016
CAFETERIA,TANGERINE,518705046,02/28/2016
GAS STATION,AVOCADO,147601,02/03/2016
FARM,BANANA,59037,02/03/2016
FOOD TRUCK,BANANA,985734,02/03/2016
CAFETERIA,BANANA,282135150,02/18/2016
FARM,BANANA,59037,02/18/2016
KIOSK,BANANA,34674145,02/18/2016
DISTRIBUTOR,KIWI,7579234,02/18/2016
FOOD TRUCK,KIWI,908372,02/18/2016
FRUIT STAND,PEAR,5233708,02/22/2016
BODEGA,BANANA,79471919,02/01/2016
DISTRIBUTOR,KIWI,7547513,02/02/2016
GROCER,ORANGE,664133,02/24/2016
FARM,KIWI,43408,02/25/2016
BODEGA,TANGERINE,503349220,02/27/2016
MARKET,BANANA,174258913,02/28/2016
FRUIT STAND,BANANA,593276,02/28/2016
CAFETERIA,PEAR,160471508,02/07/2016
GAS STATION,PEAR,278275,02/07/2016
FRUIT STAND,PEAR,5241425,02/28/2016
BODEGA,KIWI,24212867,02/24/2016
CAFETERIA,BANANA,280795541,02/07/2016
BODEGA,BANANA,79649707,02/07/2016
FARM,BANANA,59037,02/07/2016
KIOSK,BANANA,34674141,02/07/2016
GROCER,AVOCADO,123931,02/24/2016
BODEGA,PEAR,21878533,02/20/2016
DISTRIBUTOR,KIWI,7561049,02/09/2016
DISTRIBUTOR,TANGERINE,589969336,02/24/2016
INSTITUTIONAL KITCHEN,BANANA,832915055,02/06/2016
GAS STATION,BANANA,7544,02/06/2016
BODEGA,PEAR,21878533,02/08/2016
KIOSK,PEAR,5439516,02/08/2016
FRUIT STAND,PEAR,5216737,02/08/2016
BODEGA,TANGERINE,503348419,02/08/2016
MARKET,APPLE,143176292,02/12/2016
MARKET,TANGERINE,895825806,02/22/2016
BODEGA,TANGERINE,503348958,02/22/2016
GAS STATION,KIWI,98814,02/19/2016
DISTRIBUTOR,KIWI,7581637,02/19/2016
KIOSK,KIWI,2014764,02/19/2016
LOCAL COOP,KIWI,1493980,02/19/2016
DISTRIBUTOR,BANANA,13619682,02/24/2016
GROCER,TANGERINE,67215,02/02/2016
CAFETERIA,TANGERINE,514846466,02/17/2016
DISTRIBUTOR,TANGERINE,589714527,02/23/2016
CAFETERIA,TANGERINE,516676840,02/23/2016
MARKET,TANGERINE,896032663,02/23/2016
BODEGA,PEAR,21878533,02/29/2016
LOCAL COOP,PEAR,3790904,02/29/2016
MARKET,PEAR,11233445,02/29/2016
CAFETERIA,TANGERINE,513428072,02/12/2016
BODEGA,BANANA,79821793,02/13/2016
GROCER,BANANA,17855504,02/13/2016
GROCER,TANGERINE,68259,02/20/2016
GAS STATION,KIWI,98592,02/13/2016
DISTRIBUTOR,KIWI,7571152,02/13/2016
BODEGA,KIWI,24152760,02/13/2016
CAFE,KIWI,25358575,02/13/2016
KIOSK,TANGERINE,20062782,02/13/2016
INSTITUTIONAL KITCHEN,BANANA,832915055,02/22/2016
GROCER,TANGERINE,68259,02/14/2016
GAS STATION,PEAR,279314,02/26/2016
FRUIT STAND,KIWI,534494,02/23/2016
LOCAL COOP,KIWI,1494743,02/23/2016
INSTITUTIONAL KITCHEN,PEAR,346353,02/01/2016
FRUIT STAND,PEAR,5208734,02/01/2016
MARKET,APPLE,142840045,02/09/2016
ONLINE,KIWI,1260861,02/22/2016
GROCER,KIWI,6436856,02/22/2016
BODEGA,TANGERINE,503349131,02/25/2016
KIOSK,TANGERINE,20062782,02/25/2016
GROCER,TANGERINE,68259,02/25/2016
GROCER,KIWI,6445274,02/26/2016
BODEGA,BANANA,80179370,02/29/2016
INSTITUTIONAL KITCHEN,BANANA,832915055,02/29/2016
INSTITUTIONAL KITCHEN,KIWI,500713,02/27/2016
BODEGA,BANANA,79897758,02/17/2016
ONLINE,BANANA,1456068,02/17/2016
CAFETERIA,KIWI,58831142,02/04/2016
DISTRIBUTOR,KIWI,7552695,02/04/2016
FARM,KIWI,43408,02/04/2016
BODEGA,KIWI,24093854,02/04/2016
ONLINE,KIWI,1257917,02/04/2016
GROCER,KIWI,6408739,02/04/2016
MARKET,BANANA,172202150,02/10/2016
INSTITUTIONAL KITCHEN,BANANA,832915055,02/10/2016
MARKET,BANANA,172326392,02/11/2016
BODEGA,BANANA,79759411,02/11/2016
CAFETERIA,PEAR,161059459,02/13/2016
FRUIT STAND,PEAR,5225271,02/13/2016
CAFETERIA,APPLE,148932871,02/14/2016
GAS STATION,AVOCADO,147848,02/06/2016
FOOD TRUCK,PEAR,8083353,02/12/2016
GROCER,AVOCADO,123449,02/14/2016
GAS STATION,AVOCADO,148327,02/14/2016
BODEGA,BANANA,79614426,02/05/2016
FARM,BANANA,59037,02/05/2016
ONLINE,BANANA,1453375,02/05/2016
LOCAL COOP,BANANA,1479381,02/05/2016
LOCAL COOP,PEAR,3745815,02/18/2016
CAFETERIA,BANANA,282264541,02/19/2016
BODEGA,PEAR,21878533,02/24/2016
KIOSK,PEAR,5439516,02/24/2016
MARKET,PEAR,11209063,02/24/2016
LOCAL COOP,PEAR,3739830,02/17/2016
GAS STATION,PEAR,278829,02/17/2016
INSTITUTIONAL KITCHEN,BANANA,832915055,02/23/2016
CAFETERIA,BANANA,280834846,02/09/2016
INSTITUTIONAL KITCHEN,BANANA,832915055,02/09/2016
KIOSK,PEAR,5439516,02/14/2016
INSTITUTIONAL KITCHEN,PEAR,346353,02/25/2016
FRUIT STAND,PEAR,5238550,02/25/2016
FOOD TRUCK,PEAR,8080089,02/10/2016
FRUIT STAND,PEAR,5220417,02/10/2016
MARKET,PEAR,11132074,02/10/2016
GROCER,TANGERINE,67215,02/10/2016
BODEGA,TANGERINE,503348688,02/15/2016
KIOSK,TANGERINE,20062782,02/15/2016
KIOSK,PEAR,5439516,02/27/2016
MARKET,PEAR,11229493,02/27/2016
ONLINE,BANANA,1458545,02/27/2016
LOCAL COOP,BANANA,1506552,02/27/2016
DISTRIBUTOR,KIWI,7558744,02/08/2016
FOOD TRUCK,KIWI,906408,02/08/2016
GROCER,KIWI,6413874,02/08/2016
CAFETERIA,KIWI,58955213,02/12/2016
FOOD TRUCK,KIWI,907316,02/12/2016
MARKET,KIWI,8146696,02/12/2016
GROCER,KIWI,6422318,02/12/2016
CAFETERIA,TANGERINE,512169190,02/09/2016
GROCER,BANANA,17795570,02/08/2016
FOOD TRUCK,PEAR,8097018,02/23/2016
INSTITUTIONAL KITCHEN,KIWI,500713,02/01/2016
CAFETERIA,APPLE,146995966,02/01/2016
MARKET,BANANA,171289687,02/02/2016
BODEGA,PEAR,21878533,02/03/2016
FRUIT STAND,PEAR,5212283,02/03/2016
KIOSK,PEAR,5439516,02/04/2016
ONLINE,BANANA,1455755,02/16/2016
FARM,KIWI,43408,02/06/2016
BODEGA,KIWI,24109400,02/06/2016
KIOSK,KIWI,2014764,02/06/2016
CAFE,KIWI,25333034,02/06/2016
CAFETERIA,KIWI,58981206,02/14/2016
CAFETERIA,TANGERINE,511140404,02/05/2016
ONLINE,BANANA,1455026,02/12/2016
CAFE,KIWI,25428079,02/29/2016
KIOSK,KIWI,2014764,02/05/2016
ONLINE,KIWI,1258135,02/05/2016
MARKET,KIWI,8133819,02/05/2016
ONLINE,KIWI,1258421,02/07/2016
GROCER,KIWI,6413353,02/07/2016
INSTITUTIONAL KITCHEN,BANANA,832915055,02/15/2016
GROCER,AVOCADO,123748,02/20/2016
MARKET,TANGERINE,891900507,02/04/2016
FOOD TRUCK,KIWI,908176,02/17/2016
BODEGA,TANGERINE,503349236,02/28/2016
KIOSK,TANGERINE,20062782,02/28/2016
CAFETERIA,KIWI,58915000,02/10/2016
FRUIT STAND,KIWI,533194,02/10/2016
GROCER,KIWI,6418109,02/10/2016
DISTRIBUTOR,BANANA,13494213,02/03/2016
BODEGA,BANANA,79546612,02/03/2016
GROCER,AVOCADO,124034,02/26/2016
GAS STATION,BANANA,7595,02/18/2016
FARM,KIWI,43408,02/18/2016
CAFETERIA,PEAR,161922418,02/22/2016
KIOSK,PEAR,5439516,02/22/2016
GAS STATION,AVOCADO,149324,02/29/2016
FOOD TRUCK,BANANA,985045,02/01/2016
MARKET,APPLE,143837066,02/19/2016
CAFETERIA,APPLE,149736167,02/20/2016
DISTRIBUTOR,KIWI,7593184,02/25/2016
CAFETERIA,TANGERINE,518327294,02/27/2016
ONLINE,BANANA,1458632,02/28/2016
DISTRIBUTOR,KIWI,7550030,02/03/2016
LOCAL COOP,PEAR,3704066,02/07/2016
BODEGA,BANANA,79581683,02/04/2016
KIOSK,BANANA,34674141,02/04/2016
GAS STATION,BANANA,7534,02/04/2016
CAFETERIA,TANGERINE,511549436,02/06/2016
GROCER,TANGERINE,67215,02/06/2016
ONLINE,PEAR,12041883,02/20/2016
GROCER,ORANGE,658396,02/01/2016
GAS STATION,KIWI,98373,02/09/2016
CAFETERIA,KIWI,58894409,02/09/2016
MARKET,APPLE,143406109,02/15/2016
FRUIT STAND,BANANA,590504,02/06/2016
LOCAL COOP,BANANA,1480945,02/06/2016
KIOSK,TANGERINE,20062782,02/08/2016
MARKET,APPLE,142611393,02/06/2016
CAFETERIA,APPLE,148584663,02/12/2016
GROCER,ORANGE,664578,02/26/2016
KIOSK,TANGERINE,20062782,02/22/2016
DISTRIBUTOR,KIWI,7598760,02/28/2016
FRUIT STAND,KIWI,535152,02/28/2016
FOOD TRUCK,KIWI,908770,02/20/2016
FRUIT STAND,KIWI,534294,02/20/2016
GROCER,KIWI,6435611,02/20/2016
FOOD TRUCK,KIWI,908554,02/19/2016
LOCAL COOP,BANANA,1501723,02/24/2016
GAS STATION,BANANA,7613,02/24/2016
DISTRIBUTOR,TANGERINE,586826833,02/07/2016
GROCER,TANGERINE,67215,02/07/2016
MARKET,APPLE,142731964,02/08/2016
MARKET,TANGERINE,894752467,02/17/2016
GROCER,TANGERINE,68259,02/17/2016
FRUIT STAND,PEAR,5218150,02/09/2016
LOCAL COOP,PEAR,3705553,02/09/2016
KIOSK,TANGERINE,20062782,02/12/2016
FARM,BANANA,59037,02/13/2016
ONLINE,BANANA,1455293,02/13/2016
LOCAL COOP,BANANA,1489421,02/13/2016
GROCER,KIWI,6424392,02/13/2016
MARKET,BANANA,173547809,02/22/2016
BODEGA,BANANA,80002756,02/22/2016
FARM,BANANA,59037,02/22/2016
MARKET,BANANA,173909921,02/25/2016
MARKET,TANGERINE,894129715,02/14/2016
DISTRIBUTOR,TANGERINE,588424321,02/16/2016
GROCER,ORANGE,662347,02/17/2016
GROCER,ORANGE,663271,02/20/2016
GAS STATION,AVOCADO,148819,02/22/2016
CAFETERIA,PEAR,162375208,02/26/2016
INSTITUTIONAL KITCHEN,PEAR,346353,02/26/2016
LOCAL COOP,PEAR,3780304,02/26/2016
CAFETERIA,KIWI,59102743,02/23/2016
FOOD TRUCK,PEAR,8068331,02/01/2016
BODEGA,PEAR,21878533,02/01/2016
FOOD TRUCK,BANANA,990256,02/20/2016
FRUIT STAND,BANANA,592279,02/20/2016
GAS STATION,BANANA,7606,02/20/2016
CAFE,KIWI,25399451,02/22/2016
CAFETERIA,TANGERINE,517522993,02/25/2016
DISTRIBUTOR,BANANA,13635108,02/26/2016
MARKET,BANANA,174035386,02/26/2016
DISTRIBUTOR,KIWI,7595731,02/26/2016
KIOSK,KIWI,2014764,02/26/2016
LOCAL COOP,BANANA,1508309,02/29/2016
GROCER,ORANGE,659801,02/05/2016
ONLINE,PEAR,12011052,02/06/2016
MARKET,KIWI,8174122,02/27/2016
FOOD TRUCK,KIWI,905890,02/04/2016
INSTITUTIONAL KITCHEN,KIWI,500713,02/04/2016
CAFE,KIWI,25331831,02/04/2016
GAS STATION,AVOCADO,147802,02/05/2016
FOOD TRUCK,BANANA,987793,02/11/2016
KIOSK,BANANA,34674141,02/11/2016
ONLINE,PEAR,12026801,02/13/2016
MARKET,PEAR,11152303,02/13/2016
CAFETERIA,BANANA,281803461,02/14/2016
FOOD TRUCK,BANANA,988547,02/14/2016
CAFETERIA,PEAR,160924466,02/12/2016
LOCAL COOP,PEAR,3723221,02/12/2016
MARKET,PEAR,11163219,02/16/2016
ONLINE,KIWI,1259885,02/16/2016
FRUIT STAND,BANANA,590438,02/05/2016
FOOD TRUCK,BANANA,986270,02/05/2016
KIOSK,KIWI,2014764,02/15/2016
MARKET,KIWI,8150227,02/15/2016
CAFE,KIWI,25377387,02/15/2016
BODEGA,PEAR,21878533,02/18/2016
GROCER,ORANGE,662925,02/19/2016
BODEGA,BANANA,79691139,02/09/2016
KIOSK,BANANA,34674145,02/26/2016
ONLINE,PEAR,12000138,02/02/2016
GAS STATION,PEAR,278462,02/10/2016
DISTRIBUTOR,TANGERINE,587357229,02/10/2016
MARKET,TANGERINE,894293973,02/15/2016
CAFETERIA,TANGERINE,515247100,02/18/2016
FOOD TRUCK,PEAR,8103251,02/27/2016
BODEGA,PEAR,21878533,02/05/2016
ONLINE,PEAR,12008336,02/05/2016
LOCAL COOP,PEAR,3694500,02/05/2016
GAS STATION,PEAR,278231,02/05/2016
BODEGA,KIWI,24112241,02/08/2016
DISTRIBUTOR,KIWI,7568780,02/12/2016
CAFE,KIWI,25349231,02/12/2016
GROCER,TANGERINE,67215,02/01/2016
DISTRIBUTOR,BANANA,13520943,02/08/2016
BODEGA,BANANA,79653241,02/08/2016
FARM,BANANA,59037,02/08/2016
FRUIT STAND,BANANA,590683,02/08/2016
INSTITUTIONAL KITCHEN,BANANA,832915055,02/08/2016
BODEGA,PEAR,21878533,02/23/2016
LOCAL COOP,PEAR,3761516,02/23/2016
CAFETERIA,KIWI,58771697,02/01/2016
CAFE,KIWI,25326328,02/01/2016
FARM,BANANA,59037,02/02/2016
GROCER,ORANGE,659493,02/04/2016
INSTITUTIONAL KITCHEN,PEAR,346353,02/04/2016
FRUIT STAND,PEAR,5214070,02/04/2016
ONLINE,KIWI,1258339,02/06/2016
FOOD TRUCK,KIWI,907676,02/14/2016
MARKET,KIWI,8149491,02/14/2016
MARKET,TANGERINE,892136490,02/05/2016
KIOSK,BANANA,34674145,02/12/2016
GAS STATION,KIWI,99104,02/29/2016
CAFE,KIWI,25335708,02/05/2016
BODEGA,KIWI,24111299,02/07/2016
LOCAL COOP,KIWI,1491449,02/07/2016
CAFETERIA,BANANA,281803543,02/15/2016
LOCAL COOP,BANANA,1491151,02/15/2016
MARKET,APPLE,143623818,02/17/2016
MARKET,APPLE,144385515,02/25/2016
CAFETERIA,TANGERINE,510741187,02/04/2016
MARKET,KIWI,8154839,02/17/2016
GAS STATION,KIWI,98438,02/10/2016
FOOD TRUCK,KIWI,906898,02/10/2016
INSTITUTIONAL KITCHEN,KIWI,500713,02/10/2016
MARKET,BANANA,171410346,02/03/2016
GAS STATION,AVOCADO,148327,02/15/2016
KIOSK,KIWI,2014764,02/18/2016
ONLINE,KIWI,1260303,02/18/2016
FARM,BANANA,59037,02/01/2016
GROCER,BANANA,17724960,02/01/2016
ONLINE,KIWI,1257491,02/02/2016
LOCAL COOP,KIWI,1490063,02/02/2016
CAFETERIA,APPLE,149933803,02/22/2016
MARKET,APPLE,142400139,02/04/2016
MARKET,KIWI,8169497,02/25/2016
GAS STATION,AVOCADO,149158,02/25/2016
FARM,BANANA,59037,02/28/2016
MARKET,APPLE,144667364,02/28/2016
GAS STATION,AVOCADO,147849,02/07/2016
LOCAL COOP,KIWI,1490370,02/03/2016
LOCAL COOP,KIWI,1495062,02/24/2016
FOOD TRUCK,BANANA,986012,02/04/2016
INSTITUTIONAL KITCHEN,BANANA,832915055,02/04/2016
GAS STATION,AVOCADO,149046,02/24/2016
BODEGA,KIWI,24121078,02/09/2016
KIOSK,KIWI,2014764,02/09/2016
CAFETERIA,APPLE,148932871,02/15/2016
BODEGA,TANGERINE,503349078,02/24/2016
DISTRIBUTOR,TANGERINE,586907943,02/08/2016
GROCER,ORANGE,664823,02/28/2016
CAFETERIA,APPLE,147810853,02/06/2016
CAFETERIA,KIWI,59192474,02/28/2016
KIOSK,KIWI,2014764,02/28/2016
ONLINE,KIWI,1262043,02/28/2016
FARM,KIWI,43408,02/20/2016
BODEGA,KIWI,24194066,02/20/2016
LOCAL COOP,KIWI,1494248,02/20/2016
BODEGA,KIWI,24186684,02/19/2016
INSTITUTIONAL KITCHEN,KIWI,500713,02/19/2016
ONLINE,KIWI,1260501,02/19/2016
GROCER,KIWI,6433538,02/19/2016
KIOSK,TANGERINE,20062782,02/07/2016
BODEGA,TANGERINE,503348781,02/17/2016
KIOSK,TANGERINE,20062782,02/17/2016
BODEGA,TANGERINE,503349243,02/29/2016
FOOD TRUCK,PEAR,8103819,02/29/2016
MARKET,PEAR,11125084,02/09/2016
MARKET,BANANA,172568186,02/13/2016
FOOD TRUCK,BANANA,988418,02/13/2016
KIOSK,BANANA,34674145,02/13/2016
DISTRIBUTOR,TANGERINE,589318792,02/20/2016
KIOSK,TANGERINE,20062782,02/20/2016
FOOD TRUCK,KIWI,907580,02/13/2016
KIOSK,KIWI,2014764,02/13/2016
ONLINE,KIWI,1259545,02/13/2016
FRUIT STAND,KIWI,533620,02/13/2016
LOCAL COOP,KIWI,1492712,02/13/2016
CAFETERIA,TANGERINE,513823589,02/13/2016
DISTRIBUTOR,BANANA,13603512,02/22/2016
GROCER,BANANA,17930907,02/22/2016
KIOSK,BANANA,34674145,02/22/2016
GAS STATION,BANANA,7575,02/13/2016
FRUIT STAND,BANANA,593000,02/25/2016
INSTITUTIONAL KITCHEN,BANANA,832915055,02/25/2016
GROCER,ORANGE,661677,02/14/2016
CAFETERIA,TANGERINE,514441199,02/16/2016
MARKET,APPLE,144274194,02/24/2016
FOOD TRUCK,PEAR,8102175,02/26/2016
KIOSK,PEAR,5439516,02/26/2016
FRUIT STAND,PEAR,5240380,02/26/2016
BODEGA,KIWI,24205140,02/23/2016
DISTRIBUTOR,KIWI,7587775,02/23/2016
KIOSK,KIWI,2014764,02/23/2016
INSTITUTIONAL KITCHEN,KIWI,500713,02/23/2016
ONLINE,PEAR,11997399,02/01/2016
BODEGA,BANANA,79995220,02/20/2016
DISTRIBUTOR,KIWI,7585457,02/22/2016
GROCER,ORANGE,664416,02/25/2016
GROCER,BANANA,17977104,02/26/2016
GAS STATION,KIWI,99046,02/26/2016
ONLINE,KIWI,1261737,02/26/2016
LOCAL COOP,KIWI,1495642,02/26/2016
CAFE,KIWI,25417892,02/26/2016
CAFETERIA,APPLE,150892907,02/29/2016
GAS STATION,PEAR,278266,02/06/2016
MARKET,APPLE,143285089,02/13/2016
DISTRIBUTOR,BANANA,13577801,02/17/2016
FRUIT STAND,KIWI,532594,02/04/2016
FARM,BANANA,59037,02/10/2016
FOOD TRUCK,BANANA,987498,02/10/2016
GROCER,AVOCADO,122746,02/01/2016
INSTITUTIONAL KITCHEN,PEAR,346353,02/12/2016
ONLINE,PEAR,12030059,02/16/2016
LOCAL COOP,PEAR,3733511,02/16/2016
CAFETERIA,KIWI,58998225,02/16/2016
FARM,KIWI,43408,02/16/2016
INSTITUTIONAL KITCHEN,BANANA,832915055,02/05/2016
KIOSK,PEAR,5439516,02/18/2016
FRUIT STAND,PEAR,5228793,02/18/2016
GROCER,BANANA,17911056,02/19/2016
CAFETERIA,APPLE,148412845,02/11/2016
MARKET,APPLE,143734944,02/18/2016
CAFETERIA,BANANA,282549560,02/23/2016
FARM,BANANA,59037,02/23/2016
KIOSK,BANANA,34674145,02/23/2016
MARKET,BANANA,172081125,02/09/2016
LOCAL COOP,BANANA,1483013,02/09/2016
CAFETERIA,PEAR,161180707,02/14/2016
INSTITUTIONAL KITCHEN,PEAR,346353,02/14/2016
LOCAL COOP,PEAR,3775273,02/25/2016
BODEGA,PEAR,21878533,02/02/2016
INSTITUTIONAL KITCHEN,PEAR,346353,02/02/2016
CAFETERIA,PEAR,160662091,02/10/2016
BODEGA,PEAR,21878533,02/10/2016
KIOSK,PEAR,5439516,02/10/2016
BODEGA,PEAR,21878533,02/27/2016
GAS STATION,PEAR,279356,02/27/2016
GAS STATION,AVOCADO,149324,02/27/2016
FARM,BANANA,59037,02/27/2016
INSTITUTIONAL KITCHEN,BANANA,832915055,02/27/2016
INSTITUTIONAL KITCHEN,PEAR,346353,02/05/2016
FRUIT STAND,PEAR,5215044,02/05/2016
GAS STATION,KIWI,98340,02/08/2016
CAFETERIA,TANGERINE,509657901,02/01/2016
MARKET,TANGERINE,891210797,02/01/2016
CAFETERIA,PEAR,160794162,02/11/2016
ONLINE,PEAR,12020518,02/11/2016
CAFETERIA,BANANA,280795626,02/08/2016
KIOSK,PEAR,5439516,02/23/2016
MARKET,PEAR,11202206,02/23/2016
GAS STATION,AVOCADO,148934,02/23/2016
FOOD TRUCK,KIWI,905276,02/01/2016
KIOSK,KIWI,2014764,02/01/2016
LOCAL COOP,BANANA,1473885,02/02/2016
CAFETERIA,PEAR,159947039,02/03/2016
CAFETERIA,PEAR,160085077,02/04/2016
MARKET,PEAR,11098842,02/04/2016
BODEGA,BANANA,79862931,02/16/2016
FARM,BANANA,59037,02/16/2016
FOOD TRUCK,BANANA,988983,02/16/2016
FARM,KIWI,43408,02/14/2016
ONLINE,KIWI,1259621,02/14/2016
FRUIT STAND,KIWI,533664,02/14/2016
CAFE,KIWI,25365784,02/14/2016
BODEGA,TANGERINE,503348331,02/05/2016
KIOSK,TANGERINE,20062782,02/05/2016
MARKET,BANANA,172449580,02/12/2016
INSTITUTIONAL KITCHEN,BANANA,832915055,02/12/2016
CAFETERIA,APPLE,147052309,02/02/2016
CAFETERIA,KIWI,58874879,02/07/2016
FRUIT STAND,KIWI,532898,02/07/2016
FOOD TRUCK,BANANA,988637,02/15/2016
KIOSK,BANANA,34674145,02/15/2016
GAS STATION,AVOCADO,147489,02/02/2016
GROCER,ORANGE,659238,02/03/2016
GAS STATION,BANANA,7575,02/15/2016
GAS STATION,KIWI,98675,02/17/2016
CAFETERIA,KIWI,59018676,02/17/2016
BODEGA,KIWI,24170878,02/17/2016
CAFE,KIWI,25388861,02/17/2016
FARM,KIWI,43408,02/10/2016
KIOSK,KIWI,2014764,02/10/2016
LOCAL COOP,BANANA,1475895,02/03/2016
GAS STATION,BANANA,7523,02/03/2016
MARKET,BANANA,173120669,02/18/2016
GROCER,BANANA,17899176,02/18/2016
INSTITUTIONAL KITCHEN,KIWI,500713,02/18/2016
MARKET,KIWI,8156822,02/18/2016
FOOD TRUCK,PEAR,8095362,02/22/2016
MARKET,BANANA,171173283,02/01/2016
ONLINE,BANANA,1452217,02/01/2016
LOCAL COOP,BANANA,1473615,02/01/2016
CAFETERIA,KIWI,58789679,02/02/2016
INSTITUTIONAL KITCHEN,KIWI,500713,02/02/2016
FRUIT STAND,KIWI,532312,02/02/2016
GROCER,KIWI,6404720,02/02/2016
GROCER,ORANGE,663877,02/23/2016
CAFETERIA,KIWI,59147063,02/25/2016
FOOD TRUCK,KIWI,909612,02/25/2016
GROCER,AVOCADO,123993,02/25/2016
INSTITUTIONAL KITCHEN,BANANA,832915055,02/28/2016
INSTITUTIONAL KITCHEN,KIWI,500713,02/03/2016
FRUIT STAND,PEAR,5216737,02/07/2016
KIOSK,PEAR,5439516,02/28/2016
CAFE,KIWI,25327494,02/03/2016
DISTRIBUTOR,KIWI,7590506,02/24/2016
FRUIT STAND,BANANA,590286,02/04/2016
MARKET,TANGERINE,892383350,02/06/2016
FOOD TRUCK,BANANA,986737,02/07/2016
CAFETERIA,PEAR,161757397,02/20/2016
INSTITUTIONAL KITCHEN,PEAR,346353,02/20/2016
KIOSK,PEAR,5439516,02/20/2016
FOOD TRUCK,KIWI,906656,02/09/2016
ONLINE,KIWI,1258667,02/09/2016
GAS STATION,AVOCADO,148666,02/18/2016
CAFETERIA,TANGERINE,517100156,02/24/2016
MARKET,TANGERINE,896279828,02/24/2016
FARM,BANANA,59037,02/06/2016
GROCER,ORANGE,660094,02/06/2016
ONLINE,PEAR,12011199,02/08/2016
MARKET,TANGERINE,892736170,02/08/2016
GROCER,TANGERINE,68259,02/22/2016
GAS STATION,KIWI,98852,02/20/2016
KIOSK,KIWI,2014764,02/20/2016
FRUIT STAND,KIWI,534170,02/19/2016
CAFE,KIWI,25398181,02/19/2016
CAFETERIA,BANANA,282693204,02/24/2016
MARKET,BANANA,173787845,02/24/2016
GROCER,ORANGE,661103,02/11/2016
KIOSK,TANGERINE,20062782,02/23/2016
DISTRIBUTOR,TANGERINE,590858980,02/29/2016
GAS STATION,PEAR,279370,02/29/2016
INSTITUTIONAL KITCHEN,PEAR,346353,02/09/2016
MARKET,TANGERINE,891663245,02/03/2016
BODEGA,TANGERINE,503348224,02/03/2016
KIOSK,TANGERINE,20062782,02/03/2016
GROCER,TANGERINE,67215,02/03/2016
DISTRIBUTOR,BANANA,13560159,02/13/2016
CAFETERIA,BANANA,281573013,02/13/2016
INSTITUTIONAL KITCHEN,BANANA,832915055,02/13/2016
BODEGA,TANGERINE,503348931,02/20/2016
CAFETERIA,KIWI,58973667,02/13/2016
CAFETERIA,BANANA,282535289,02/22/2016
ONLINE,BANANA,1457049,02/22/2016
FRUIT STAND,BANANA,592459,02/22/2016
DISTRIBUTOR,BANANA,13627604,02/25/2016
LOCAL COOP,BANANA,1503441,02/25/2016
DISTRIBUTOR,TANGERINE,588136118,02/14/2016
KIOSK,TANGERINE,20062782,02/14/2016
MARKET,TANGERINE,894502643,02/16/2016
ONLINE,PEAR,12054761,02/26/2016
MARKET,PEAR,11222948,02/26/2016
LOCAL COOP,PEAR,3675371,02/01/2016
GROCER,BANANA,17922434,02/20/2016
INSTITUTIONAL KITCHEN,BANANA,832915055,02/20/2016
GAS STATION,KIWI,98852,02/22/2016
LOCAL COOP,KIWI,1494653,02/22/2016
DISTRIBUTOR,TANGERINE,590200631,02/25/2016
MARKET,TANGERINE,896531209,02/25/2016
FARM,KIWI,43408,02/26/2016
BODEGA,KIWI,24228451,02/26/2016
DISTRIBUTOR,BANANA,13645015,02/29/2016
KIOSK,BANANA,34674145,02/29/2016
GAS STATION,BANANA,7628,02/29/2016
BODEGA,PEAR,21878533,02/06/2016
DISTRIBUTOR,KIWI,7598057,02/27/2016
CAFETERIA,BANANA,282001626,02/17/2016
GROCER,AVOCADO,122986,02/05/2016
DISTRIBUTOR,BANANA,13537005,02/10/2016
BODEGA,BANANA,79725378,02/10/2016
GROCER,BANANA,17819236,02/10/2016
FARM,BANANA,59037,02/11/2016
GROCER,BANANA,17831040,02/11/2016
INSTITUTIONAL KITCHEN,PEAR,346353,02/13/2016
KIOSK,PEAR,5439516,02/13/2016
KIOSK,BANANA,34674145,02/14/2016
BODEGA,PEAR,21878533,02/12/2016
CAFETERIA,PEAR,161190978,02/15/2016
LOCAL COOP,PEAR,3733096,02/15/2016
GROCER,AVOCADO,123560,02/16/2016
GAS STATION,KIWI,98619,02/16/2016
FOOD TRUCK,KIWI,907930,02/16/2016
KIOSK,KIWI,2014764,02/16/2016
FRUIT STAND,KIWI,533774,02/16/2016
MARKET,KIWI,8152569,02/16/2016
GROCER,BANANA,17775651,02/05/2016
GAS STATION,KIWI,98592,02/15/2016
ONLINE,KIWI,1259695,02/15/2016
FRUIT STAND,KIWI,533692,02/15/2016
FOOD TRUCK,PEAR,8091019,02/18/2016
ONLINE,PEAR,12036022,02/18/2016
DISTRIBUTOR,BANANA,13593480,02/19/2016
MARKET,BANANA,173241869,02/19/2016
KIOSK,BANANA,34674145,02/19/2016
ONLINE,PEAR,12047751,02/24/2016
MARKET,PEAR,11169964,02/17/2016
GROCER,ORANGE,663319,02/22/2016
GROCER,BANANA,17942761,02/23/2016
ONLINE,BANANA,1457105,02/23/2016
FOOD TRUCK,PEAR,8085158,02/14/2016
LOCAL COOP,BANANA,1505033,02/26/2016
FOOD TRUCK,PEAR,8069916,02/02/2016
GAS STATION,PEAR,277994,02/02/2016
GAS STATION,AVOCADO,148543,02/17/2016
MARKET,TANGERINE,894998783,02/18/2016
BODEGA,BANANA,80171409,02/27/2016
GROCER,BANANA,17987889,02/27/2016
INSTITUTIONAL KITCHEN,KIWI,500713,02/08/2016
LOCAL COOP,KIWI,1491561,02/08/2016
INSTITUTIONAL KITCHEN,KIWI,500713,02/12/2016
KIOSK,TANGERINE,20062782,02/01/2016
BODEGA,TANGERINE,503348480,02/09/2016
KIOSK,TANGERINE,20062782,02/09/2016
KIOSK,PEAR,5439516,02/11/2016
MARKET,APPLE,144164569,02/23/2016
KIOSK,BANANA,34674141,02/08/2016
LOCAL COOP,BANANA,1482792,02/08/2016
FRUIT STAND,PEAR,5235259,02/23/2016
GROCER,AVOCADO,123895,02/23/2016
GAS STATION,AVOCADO,147849,02/08/2016
FARM,KIWI,43408,02/01/2016
FRUIT STAND,KIWI,532232,02/01/2016
CAFETERIA,BANANA,280133986,02/02/2016
LOCAL COOP,PEAR,3682900,02/03/2016
GAS STATION,PEAR,278077,02/03/2016
LOCAL COOP,PEAR,3688808,02/04/2016
GROCER,BANANA,17874510,02/16/2016
KIOSK,BANANA,34674145,02/16/2016
LOCAL COOP,BANANA,1491432,02/16/2016
GAS STATION,KIWI,98330,02/06/2016
DISTRIBUTOR,KIWI,7557502,02/06/2016
FRUIT STAND,KIWI,532864,02/06/2016
GROCER,KIWI,6412778,02/06/2016
BODEGA,KIWI,24153968,02/14/2016
GROCER,KIWI,6424967,02/14/2016
GROCER,TANGERINE,67215,02/05/2016
BODEGA,BANANA,79792267,02/12/2016
LOCAL COOP,BANANA,1487812,02/12/2016
BODEGA,KIWI,24238359,02/29/2016
INSTITUTIONAL KITCHEN,KIWI,500713,02/29/2016
GAS STATION,KIWI,98293,02/05/2016
FOOD TRUCK,KIWI,906066,02/05/2016
LOCAL COOP,KIWI,1490930,02/05/2016
KIOSK,KIWI,2014764,02/07/2016
MARKET,KIWI,8136776,02/07/2016
ONLINE,BANANA,1455470,02/15/2016
CAFETERIA,APPLE,150360020,02/25/2016
BODEGA,TANGERINE,503348275,02/04/2016
GROCER,TANGERINE,67215,02/04/2016
DISTRIBUTOR,KIWI,7576969,02/17/2016
MARKET,KIWI,8142026,02/10/2016
CAFE,KIWI,25343301,02/10/2016
GROCER,AVOCADO,123450,02/15/2016
CAFETERIA,KIWI,59039372,02/18/2016
BODEGA,KIWI,24178783,02/18/2016
LOCAL COOP,KIWI,1493718,02/18/2016
BODEGA,PEAR,21878533,02/22/2016
GAS STATION,PEAR,279011,02/22/2016
DISTRIBUTOR,BANANA,13477184,02/01/2016
GAS STATION,KIWI,98131,02/02/2016
MARKET,KIWI,8127095,02/02/2016
CAFE,KIWI,25326306,02/02/2016
MARKET,APPLE,143943949,02/20/2016
LOCAL COOP,KIWI,1495336,02/25/2016
MARKET,TANGERINE,897025326,02/27/2016
FOOD TRUCK,BANANA,992425,02/28/2016
GAS STATION,KIWI,98189,02/03/2016
CAFETERIA,APPLE,147970940,02/07/2016
MARKET,PEAR,11115210,02/07/2016
ONLINE,PEAR,12057015,02/28/2016
GROCER,KIWI,6406720,02/03/2016
GAS STATION,KIWI,98930,02/24/2016
INSTITUTIONAL KITCHEN,KIWI,500713,02/24/2016
KIOSK,KIWI,2014764,02/24/2016
ONLINE,KIWI,1261277,02/24/2016
CAFE,KIWI,25410233,02/24/2016
GROCER,KIWI,6441063,02/24/2016
MARKET,BANANA,171529813,02/04/2016
GROCER,BANANA,17763048,02/04/2016
LOCAL COOP,BANANA,1477684,02/04/2016
GROCER,AVOCADO,122928,02/04/2016
DISTRIBUTOR,TANGERINE,586714212,02/06/2016
DISTRIBUTOR,BANANA,13519838,02/07/2016
ONLINE,BANANA,1453732,02/07/2016
INSTITUTIONAL KITCHEN,BANANA,832915055,02/07/2016
GROCER,AVOCADO,124094,02/28/2016
FARM,KIWI,43408,02/09/2016
FRUIT STAND,KIWI,533054,02/09/2016
MARKET,KIWI,8139811,02/09/2016
GROCER,TANGERINE,68259,02/24/2016
CAFETERIA,BANANA,280674938,02/06/2016
KIOSK,BANANA,34674141,02/06/2016
FOOD TRUCK,PEAR,8076910,02/08/2016
CAFETERIA,TANGERINE,511919995,02/08/2016
FOOD TRUCK,KIWI,910164,02/28/2016
BODEGA,KIWI,24237327,02/28/2016
LOCAL COOP,KIWI,1496210,02/28/2016
MARKET,KIWI,8174980,02/28/2016
GROCER,KIWI,6447920,02/28/2016
DISTRIBUTOR,KIWI,7584187,02/20/2016
INSTITUTIONAL KITCHEN,KIWI,500713,02/20/2016
CAFE,KIWI,25396166,02/20/2016
CAFETERIA,KIWI,59058802,02/19/2016
BODEGA,BANANA,80074809,02/24/2016
INSTITUTIONAL KITCHEN,BANANA,832915055,02/24/2016
CAFETERIA,APPLE,150705341,02/27/2016
DISTRIBUTOR,TANGERINE,585808891,02/02/2016
BODEGA,TANGERINE,503348157,02/02/2016
CAFETERIA,TANGERINE,518705046,02/29/2016
CAFETERIA,PEAR,160522274,02/09/2016
GAS STATION,PEAR,278368,02/09/2016
DISTRIBUTOR,TANGERINE,586042690,02/03/2016
FRUIT STAND,BANANA,591405,02/13/2016
GROCER,TANGERINE,68259,02/13/2016
FOOD TRUCK,BANANA,990536,02/22/2016
CAFETERIA,BANANA,282829784,02/25/2016
GROCER,BANANA,17965887,02/25/2016
FOOD TRUCK,BANANA,991594,02/25/2016